{"name":"namso-gen","short_name":"namso-gen","description":"Multi-purpose random data generator","icons":[{"src":"/_nuxt/icons/icon_64.104f87.png","sizes":"64x64","type":"image/png"},{"src":"/_nuxt/icons/icon_120.104f87.png","sizes":"120x120","type":"image/png"},{"src":"/_nuxt/icons/icon_144.104f87.png","sizes":"144x144","type":"image/png"},{"src":"/_nuxt/icons/icon_152.104f87.png","sizes":"152x152","type":"image/png"},{"src":"/_nuxt/icons/icon_192.104f87.png","sizes":"192x192","type":"image/png"},{"src":"/_nuxt/icons/icon_384.104f87.png","sizes":"384x384","type":"image/png"},{"src":"/_nuxt/icons/icon_512.104f87.png","sizes":"512x512","type":"image/png"}],"start_url":"/?standalone=true","display":"standalone","background_color":"#ffffff","theme_color":"#fff","lang":"en"}